,1,2,3,4,5,6,7,8,9,10,11,12,13,14,15,16,17,18,19,20,21,22,23,24,25,26,27,28,29,30,31,32,33,34,35,36,37,38,39,40,41,42,43,44,45,46,47,48,49,50,51,52,53,54,55,56,57,58,59,60,61,62,63,64,65,66,67,68,69,70,71,72,73,74,75,76,77,78,79,80,81,82,83,84,85,86,87,88,89,90,91,92,93,94,95,96,97,98,99,100,101,102,103,104,105,106,107,108,109,110,111,112,113,114,115,116,117,118,119,120,121,122,123,124,125,126,127,128,129,130,131,132,133,134,135,136,137,138,139,140,141,142,143,144,145,146,147,148,149,150,151,152,153,154,155,156,157,158,159,160,161,162,163,164,165,166,167,168,169,170,171,172,173,174,175,176,177,178,179,180,181,182,183
0,6.0269013346141325,7.717016055532792,6.313373860874708,6.331588072953196,8.34400027472342,6.030256318038196,4.2897686484084945,4.308695139158032,5.7413073999068,3.1009150095412292,6.016232575817097,3.6676268032323236,4.7317690472694975,6.131834013792132,8.164135148975646,8.348950670963397,8.825978629952155,8.613477916786609,7.764899578606088,7.0483055475267,7.699295311673609,7.903345151097563,7.315655291163546,7.908921437836496,7.85368561881679,7.8206821032081235,7.795622066986126,4.592386157175058,7.754727331413831,6.548256715062961,4.819654327777921,4.605119883657957,9.172770100567174,7.823284940305551,7.5919222466247405,6.5827134715370255,6.919956756501178,6.691018651338323,6.768090124929386,6.186476285111111,7.703088458697466,6.650125446966536,6.294435324560579,4.3160256919367335,7.03271258528435,3.348885044287673,6.298773934518946,3.9518429723098043,7.298487747132658,7.366409114300721,7.943809637893063,2.0557598182060737,6.298773934518946,7.03271258528435,6.563444706015145,6.419456939463207,7.411770050213626,8.101629216585382,5.629883565539735,6.563444706015145,7.963320025222529,6.419456939463207,7.411770050213626,8.157042115787718,4.576293065553604,6.5918378551198415,5.786123337708534,7.243235247293892,5.92958746417767,2.9214014483920843,8.101629216585382,6.410913370138364,5.553566286516311,6.063565665364583,2.463861051794436,5.89776450444951,6.643836426541295,6.753350491695927,6.5533513447751135,7.125257218337282,7.354416639168521,8.095962387240366,7.185139313274247,7.349361405950135,8.78440874211413,7.280004766960392,8.272827273373188,6.986008813403895,5.893232343867253,6.202249059731408,6.768534226194476,5.919809173149301,7.125257218337282,4.644695906386215,4.333738647892296,2.875635603366685,4.213162487118084,5.8508570487965565,1.9346138078733257,2.6321893560440444,2.917865780895398,3.5787836069564563,2.7324364907883516,4.448962262674352,3.918302330101421,3.7910663228092862,4.47179071226928,3.64893616504809,3.1461804408605243,2.5788798005228437,4.691521147167135,1.6752832597216942,3.353323408351126,3.518571389660745,2.3366825835939657,2.233612778689174,8.672392409219002,4.36427117867243,3.217911016509516,2.6171473612706753,3.975971844252532,3.3677123112532796,3.971112119952683,3.1891221995234487,1.1234439177316369,4.1649667035789255,4.4411563079104,5.328721024125253,6.14514655217068,3.585437002692416,4.34210893107948,5.815017596848821,4.699355290145923,4.158393620259503,5.77688874632502,4.8706354643135965,4.2009198356179995,4.538925480948729,4.965242138778243,6.2066863202922065,3.957349474127574,5.0915417754679675,7.726523341258055,6.597530433564534,6.637832018045083,6.4924217958165515,4.209213567231953,5.4166364432954905,3.1194225357055236,3.1066578601383004,3.349340177862868,4.24458431910173,6.636420872968922,3.751863463269207,4.714084895570604,2.5148736031432737,2.707810466146834,2.186922685895297,3.0945234521075875,4.800648406266999,1.9507606867981266,2.3670537461255385,3.910111294863876,6.353072692798872,2.5685778130929053,3.470695102547562,3.1396436703613397,0.7841886078787067,6.971130121636955,6.341033305057932,2.021144309107091,5.043081975247473,7.117912987868131,4.705806078098541,4.427697220216106,2.834504347806384,3.5651003544673974,5.703003903488068,6.053715429886832,2.4784130994407647,2.4099246940215653,5.261093665424051,5.69291398518767
1,9.517508063504243,7.058618643130294,6.3496111370011326,5.796020200922201,7.740111667166345,5.453761769526278,3.0504792390515507,4.049417681376589,4.957182527206259,2.4011524416421843,6.2552950066978035,5.027403141168337,3.412171657422241,6.253007545589891,8.433150572227992,7.653161887376671,7.741596970277401,8.385990813187671,8.013235515638076,7.010569773041452,6.684298659699747,7.8975069004906056,7.398263264579868,7.140084485256559,6.59544780138476,7.365980437322538,7.630961653153439,5.140258050968279,6.411378860822503,7.435027788904744,4.532405422803499,5.336277264628145,11.019475950893753,8.10768960434201,6.248005526493363,7.2186640715035555,6.800401699396879,6.315814466178404,6.580422327156969,6.858426152643265,8.094196007272267,7.270625384920391,6.773406506459088,5.579036230512604,3.462380493917902,1.642845316995095,4.590676830346954,4.19380997129802,6.137680506468174,7.286478761113562,8.496598412956805,3.319928369636406,4.590676830346954,3.462380493917902,7.4613285692900515,6.040102902459164,6.956584668947335,7.270938206494412,7.17154499899266,7.4613285692900515,7.9675501994437266,6.040102902459164,6.956584668947335,6.10788437350003,5.3701359232640185,6.030834079855689,5.912966112612448,7.647618291751622,4.734516887514082,3.712506499099687,7.270938206494412,6.95043466963446,5.848252515395812,4.640383556833191,2.9173866545886713,5.202989227387733,5.928926918834162,6.269756440753204,6.150719205290571,6.7508979470729695,5.697647651886204,6.633417923494317,6.081725870706888,6.862411496568515,7.588731258606558,6.881338026254549,6.639547321776811,6.517335856384401,5.430007626683039,6.901479890264871,6.993048430543452,5.894306894976203,6.517335856384401,4.567352181242894,3.9100981545497815,3.285547428262226,3.2696414902090294,5.812065651774259,1.22236146333946,2.745531645783163,2.2749042974169913,3.6276922915469827,3.8961008034278635,3.540683874595989,3.0100715577402832,3.0826423223859107,3.8459406598925914,3.8341625350209805,3.5578375134671236,2.999733142847672,2.6817652365736997,2.5843673028378893,2.8474496921219568,2.880551536880543,2.5246525135129634,1.664630043530236,7.702361481648685,4.335284457418508,2.8489234169064193,3.1289912925052636,3.53057266051806,2.436420758221386,2.3346947153088133,3.580006069980376,1.883795965282861,4.105889296303972,3.972072249063958,6.052077700420453,5.611395634395329,4.000826360348064,4.561985920547815,5.8552312491303855,4.406501186872642,3.3046949968354786,5.223996024993047,5.219348152075643,4.4834810099799025,4.221794343296084,5.195749731386672,5.479029322804072,4.469558354156217,6.307006681311924,7.006446570665843,5.932633063607521,4.9648497992130105,6.1369260955285885,4.801887835040659,5.17548508187889,3.435037707602621,3.0366662721770648,3.4484580517922185,4.061025168094356,5.933110144993426,3.3754391651596847,4.158397387441317,2.2845325350022154,2.3423223004581297,1.7764175438996956,3.4820073216045446,4.287988327060647,1.9697645280737106,3.0413139220396443,4.309352242394221,2.6034131875069026,4.408164941499309,7.036725029887185,4.050569633192288,3.454598779552027,2.8786665680719286,4.81546248615797,3.0903230909463604,2.7654181692208564,3.11343346580569,1.586402686076469,2.396077729789612,2.3629343791118127,3.146679718745555,4.794320317627268,2.8832545105107696,1.5456352538132028,3.339763934034235,2.2376932175526867,2.924411616929677
2,6.727984131767865,6.92351318198158,7.196211492843609,4.465089773256099,8.314667491292504,5.640388555004057,2.957271096651803,3.2357940567547643,5.311502522780321,2.2698550211812374,6.313243232539962,4.275006061052009,2.5796486617757215,6.33187906503518,7.437579228313295,7.808221768905634,5.269290066490178,8.123943609607618,8.24667140075571,7.091404153276718,8.35246416125604,6.911887353757752,6.766480247354708,6.819956116965437,7.9915979099127386,7.421210736414271,7.69300236590589,4.535908120743541,6.0511634053042584,6.8473823067724044,5.712918954874582,4.688244579740782,9.583453404817911,7.43186682485172,7.319136698384043,6.557488489134146,6.067517552272359,5.993430179569856,6.734125876542785,7.774362947883444,10.684956979171492,5.941279986098108,5.745054856910094,5.52429952037351,5.933221676635112,1.9657772481894762,2.3480109070780113,5.140932385567543,5.358485593719505,8.692374465760917,8.350402333844164,6.202128809935779,2.3480109070780113,5.933221676635112,5.769219746926118,5.418605349807087,7.212357511845244,9.287733852847897,7.956357332420384,5.769219746926118,8.198422427845028,5.418605349807087,7.212357511845244,5.7481740662455225,6.275959436264265,7.496815696924655,5.606523821368713,6.971582529650962,5.402017405758671,2.7287028710323087,9.287733852847897,5.672926159776572,6.437838289334404,4.131859312331038,3.1582357365640275,7.25917535227655,5.644744572294316,6.119920628953309,6.7722699138106695,5.916908984060441,5.459371709023108,8.415176920409294,6.2858679759003735,6.590397207344687,8.585655573146592,6.5632740461292975,7.18757421121147,6.678294125339041,5.039512949178854,6.19055108549367,7.898815648609025,8.013262179896415,6.19055108549367,4.311965724851417,3.560948323686438,1.9079229673681024,3.412532248648488,6.628710062409594,2.832639913124073,2.8947878120237447,1.844269307697824,3.2914802787685296,2.9815399416892263,3.97100565639447,2.7749589549622002,3.3454503611687296,3.7681327356099654,4.581624077246724,3.4038742579296426,3.0446387695183814,2.3082756672673472,2.403227004006001,3.708983206165929,2.8209584724107413,2.3956952709811983,1.9944415039926018,7.029330570874454,4.5201031773304265,2.478727769839322,2.865338449996001,3.6875901246775187,2.944764014101087,4.081181183560432,3.589701474838714,2.0830493858719965,3.118867415915408,3.293194232950768,4.156401610821041,4.1257795553692596,4.203692430723275,5.492969314425158,5.46984725464593,5.224998594889077,3.1215464073733874,3.535317184995741,4.565819301652949,5.120174618268941,4.322268335972406,4.933427860380365,4.999288473455862,6.394254968833526,6.068545786754733,5.70457965035138,5.634064767001009,5.925026343290919,5.686854674185223,4.473974278722465,2.502834145842013,4.3959236804412525,4.825559148177375,2.8793932460456904,3.3475473630297516,6.022831045130714,4.226848662261306,3.8354870533273098,2.787999572597829,2.558188154041206,2.0864881515885765,3.9205472155050893,3.140536792013551,2.0581361776814755,2.9225211576912624,5.682393931896727,2.3044089396295955,4.313267787618041,2.6367640144918996,1.7700459670395976,6.7159339182844375,6.029024787940148,5.295915951286871,5.437479755755574,3.023583824492569,4.665126375464256,6.68090065977367,1.5473421260197606,3.891458265755542,7.038039680006431,5.016385391827328,3.624572296532494,2.1648631916184407,3.3947665438219237,3.2233835103966393,2.151685365280565
3,9.32360593720445,6.545603908250157,6.563407352329362,4.860266130218165,8.249008883796161,5.299900884988864,3.6563315283852513,3.2551961746572107,5.390668878758744,2.843491527382716,5.9933030343917535,5.709810006061415,2.4243276735884383,6.656470415519953,8.487430602197916,8.098659202862084,5.390078072006505,4.638027683772532,8.539428713625371,6.888915290052651,7.8438113499408235,6.977267087478531,8.09272832911493,7.380095614820273,7.625645693888571,6.369728807560762,8.334134995953221,4.705065371603681,7.735325710932736,6.912043133260344,3.392257626869263,6.187793615860313,8.169774949447635,6.570551254997812,4.739411363696392,5.588276106997751,6.669089103057855,6.301851978315454,5.025409365703047,6.9947601128788754,7.363153544211909,5.8758624223985345,6.6335665993494555,5.8871210776184935,4.9459325457707655,2.2968745947063915,4.980668917624886,4.308975914483569,3.751568842245079,6.676924351350301,8.003979612708523,5.500302518507849,4.980668917624886,4.9459325457707655,5.65903064315104,5.735223367174042,6.611546371884842,9.771940498381909,7.894601680423108,5.65903064315104,7.673693969667571,5.735223367174042,6.611546371884842,7.051207849771392,7.0382731922359865,6.753316887987451,5.992980688268781,6.745558312303398,5.7705823807455525,2.02084482832849,9.771940498381909,5.125025258291021,6.668899359457788,3.997899339462681,1.8256105280217396,5.94871196000739,6.2337982013923225,5.658785539238147,7.043974030047961,7.018862403265587,5.236619078550097,7.60557138078151,7.333411745829694,5.85093897270125,7.829666892195248,5.7362431074628075,6.454812197020744,6.816357896925451,6.196173115528272,6.712312879099909,7.981771044263331,7.443982814107035,7.043974030047961,4.6539614568145415,3.1799829506490545,1.9480856804456228,3.9654282297804424,6.45175419707029,2.893151776063388,2.700553197595539,2.183002200821843,2.3145386732814046,3.0221391579813828,3.5646945431730694,3.0173716525174994,3.8298718619305023,4.065259433364497,4.745330660626107,3.7970307398982364,2.422888321583776,2.0888687234499552,2.353483941615977,2.623616835167865,2.5828957346525803,2.7567121983083966,2.791159438883026,7.834482699443505,3.7768101281753688,2.6010051166948487,1.9978074542289377,3.508753254540447,3.113868358407532,3.4255392127731423,4.449535333398204,2.7702020314730884,3.5021144044545696,3.2511015552944253,5.403712512916684,4.476107134157615,4.227337375096477,5.600305299249238,5.733400362669273,5.608903879811595,2.7796030833352994,4.571735332444175,3.9780229695599894,4.384248855914545,3.923694412638033,4.8737679564284475,3.583134111260922,5.773037529888331,4.665039133674367,6.9945685842364815,4.059631719204583,5.43288496972587,2.6297488002410123,4.293561782755359,4.303415009622453,4.542819497351837,2.495211857565833,2.341365398247008,3.877725841557303,4.935965661449832,4.351147855383783,3.383462351485209,1.9396033805705895,2.3439193428722094,1.7159829605556027,3.345148482863983,4.249807038730315,2.3737409290544504,3.0779549313358947,2.5847204686623404,2.9570725010031524,1.6841121684045088,2.818870916708002,4.9553609623321115,0.6668737878391919,2.4696424989118744,4.378579580562298,6.317376187938841,3.3414032842255414,2.986951905299725,5.627571072970192,5.181771924216628,4.994114442278683,3.7705800561848597,5.8336157102901,2.616337475139096,3.884407095366691,4.683325500207418,5.892568012161972,1.8198481389340604
4,7.880539871887719,7.774862481141717,6.552264959384908,5.348500777480341,6.826780874651576,3.5489594639138864,5.081053131787723,2.55860508819362,5.8176311049618565,1.9356401242048824,8.474011393096486,4.710644580845356,2.840886347153141,7.505954245545717,7.0413940842922385,10.47544080726931,5.491279555753779,7.8333559870073755,7.784953358595255,8.471697590798874,7.535272758296729,6.2137473081371395,7.155285177053506,7.336709626914928,8.52399328846112,7.581228663545358,5.523401175337877,3.358903990330801,6.259054906780192,7.201102173169948,4.798011492790106,7.888781849951311,9.309239328315822,6.028492150810252,6.267668948453126,5.949030593684044,4.897064131481503,6.545850732155224,5.171689927965202,8.102196164620093,9.488384152360767,7.467148012207856,6.233731016914715,6.319363246824182,3.7550838703785527,1.84972320026773,5.796998193133704,2.5660236814087467,4.760365745830847,7.879599260828835,6.47810393934949,6.588723816793044,5.796998193133704,3.7550838703785527,5.347823599912935,3.024721323117592,6.709093727004123,8.814219950994778,7.271660122401894,5.347823599912935,8.423511982665001,3.024721323117592,6.709093727004123,6.169993821851587,6.705394376499053,6.899751250329221,6.44369552057797,7.039780914017751,6.028104614318828,3.84129953144097,8.814219950994778,6.26175893952557,6.411990118895795,5.4209712435135495,1.5225532744109322,6.114974901169461,6.279213495677253,5.2550217749799994,5.553219544308818,6.704114138953467,7.191938394602532,6.323924472748929,5.603221318611514,7.461706436852532,6.285847459685158,6.387245802149634,6.222581628379135,5.4637030580788535,4.742721687257053,6.6669621548028415,6.946896096388295,6.279525599189777,4.742721687257053,3.672239613680768,4.169662345544891,1.6332409978903946,3.9528826749496164,6.520463590096783,2.326201259673846,2.823419663954987,1.3534481182030111,2.7479996032233656,4.0502611021027,2.4976296708309946,3.163816554577367,2.739411078238449,3.552558054001542,5.515422304785767,3.29176242859039,2.3244584972584392,1.8382008706933084,2.337049970899503,2.3179513304148003,3.9412129963793783,3.135160026914863,2.6164380475084537,8.274441756019012,4.189980466336531,2.2609137143038636,2.0770724309282866,3.8322620025121563,3.9014643123084616,3.9678444472527756,4.120970357365449,3.485178860388341,3.1460054381967066,2.8353771523783853,6.966155625206568,4.551706887439362,5.554678040998035,5.827633468885415,5.206464446119437,5.848812337145565,2.7880843998373392,4.75211423315414,4.107919862234037,4.853825604853973,3.9719509347021607,4.861789642410668,4.1234234703405654,5.117610357584133,5.683583828009675,6.08675394466027,5.242128717623514,5.1716462689811245,2.4482730710093956,3.7270692824493303,3.862482829407099,4.018667746688047,3.9635593728687684,2.794767141318958,4.529818138272151,5.616272604546243,3.375346573861391,2.5036845932480865,1.942364734557462,1.5841596416948711,2.276278932431528,3.64332023929079,4.226713824860754,2.260558631837756,2.957509091026427,3.5382912441911802,3.395893731264907,3.8534324033844936,4.241212587061378,3.280486935321706,3.885720210961676,2.3868566474786963,1.8861912285289804,2.911674482853749,4.69923669289457,1.7910099119471052,2.4157033247306385,2.3822224500775007,3.7822861872657025,3.242967449583471,5.2636923789411725,3.435044734174088,4.341819990884538,4.7640057649652325,4.656266167350564,6.674181613666589
5,7.965038541668259,7.58394020470981,6.809814676392188,5.828375451578279,8.189057054795445,5.068706480293083,5.803114696492607,3.6838440238477244,5.979337911825649,4.394231798674217,6.791658886267856,5.299890727995426,3.3537032951785926,5.800705812061062,7.270339799578885,6.5519425787492676,7.241419065429739,4.494635131262122,6.59609371233919,7.650906605625738,6.301633180540718,6.421017191714343,7.263805538968067,7.909704388065623,7.851296780947782,6.7715728086030404,6.431820876047261,5.247397787985829,5.8918166927212905,5.957204787829023,5.014108020082179,7.247110930038598,6.107299751312751,6.215554914312665,5.456218195424044,5.76724251615307,5.39779376230531,5.729907870921499,7.053212431171778,7.3884305741508225,7.908089398641634,6.256611851495339,6.444590243311795,5.732636471102191,3.712700403472231,2.1099053443012643,7.480284771305413,8.509640325759253,3.8329093009944035,8.032778936814706,8.384692862251207,7.059048135662136,7.480284771305413,3.712700403472231,5.418077936203977,6.13062807825595,7.130844227254083,7.714385486290697,7.376317478269823,5.418077936203977,8.938811069166077,6.13062807825595,7.130844227254083,6.862739578835776,6.2359382507231,6.710701809274142,5.204910384771771,7.795316095519565,6.956274531577132,4.07150417906565,7.714385486290697,7.189836271233533,6.472556514968626,5.506425995725876,1.9050901571168457,6.023402296101403,7.064062345203261,4.679757448721444,6.3236176612802035,7.179832009080152,8.140168709545794,6.695781126146071,7.033417809506775,6.1088046932095255,7.066142651455373,4.912606543884812,7.054167945553244,5.871222996286921,6.351473991655173,6.9455766461654385,7.619747160073726,6.831337691395011,7.066142651455373,4.304280473236776,3.816398963124879,2.411383646844583,3.5039961194661715,5.573358315432998,1.9995273141348084,1.9348750850674798,1.9532293828244935,3.7465067562027365,3.576114100912754,2.9690118593862933,4.014587008942019,2.8336695028381147,4.303483491379721,5.893536916638162,4.646442430248589,2.4015556613935125,2.4920539263341275,1.9968937866242302,2.201219669983816,2.897125242545205,3.3190561935506246,2.700707199601643,8.099769631691808,3.625929312938696,3.2773145196865823,1.9538779810010696,3.98964634508616,3.9382216001792045,3.7741093313720135,4.516522240870668,3.1763263155970685,3.9555629603670903,3.1600996557842302,6.939733490919285,3.869588135138277,5.733366906859133,4.644810405955047,3.5532175510778847,6.804533048555945,2.5607897020084684,5.058234243970908,4.352836855849836,3.772457878368741,5.245731440111314,4.81539707971057,5.5069651017485866,3.9184843322802028,5.740432005674037,6.772194846955598,5.9949780756698825,6.217288083861129,4.405238109759286,3.447467052375121,2.2007153181978674,3.11570487689606,3.8857822962544666,2.94614034801471,4.386905130792325,6.456103554408095,4.819786163747817,2.11612156403609,1.9389896613483109,1.6068797222577638,2.291544571215599,3.474880384383995,5.736692016329206,2.4621460453685393,3.152511365410855,3.123716658479333,3.447998706714978,4.475526213632062,4.060151630449967,2.4497036226323385,4.967977514004012,4.017274006502115,4.98392497360083,4.551223850078898,2.633002056201524,3.6095615926994316,1.404831115683068,4.520601646788057,5.05136632048895,5.442595796082309,1.5647003803433337,5.410307496967989,2.3717417669194814,2.3067703888482165,7.210734849774803,3.5472117746255765
6,8.277785751502464,7.774985044791666,8.174922771851481,6.0203354104794995,6.477987001901386,4.8161484560603895,6.033994683821537,6.349232884601159,5.388525888363988,2.239951020886792,8.067726068018256,6.81715131654552,3.288800025896388,6.866083516669079,6.276085445039871,9.117705648930647,6.848416715557414,6.865265808520813,5.825240243265275,7.758864505956219,7.596271272851386,6.896269794211721,8.580938909092755,8.320970722936476,6.688465959019617,7.706228062911117,6.436418596941952,4.962997427834246,5.725588219718351,7.337443581143013,3.506474808288648,4.861469126803188,5.3757097988088915,5.216938236279598,7.817767859229499,5.105004140592156,4.812114143600925,5.108411882067924,5.461511488816712,7.436769547422484,8.575338925870199,7.80256729510806,5.848384256590041,4.744768491820363,4.139167689716704,2.3569068468964827,7.23184652303635,5.869107273585998,2.9956089694742265,8.489337608729862,7.724649084548072,6.704760429614226,7.23184652303635,4.139167689716704,5.573460196557573,6.229876952175802,8.005039078187556,9.21335863135573,6.780484286801413,5.573460196557573,9.179196235725462,6.229876952175802,8.005039078187556,6.500750683467804,6.187618938874656,6.21002063809356,6.826290784852745,7.154082223026983,6.630084922591788,4.640305121819974,9.21335863135573,7.259749517749888,6.122880283454825,5.85203763395488,2.1878576900982147,6.478418587920668,6.50895522182312,8.52881337721519,7.515070664954247,6.478098335813694,8.881692460306278,6.463096814173584,7.455372629793888,6.825700407911162,7.118291810846122,4.092357542715193,7.7591431023469415,7.137824047286821,7.666063799013932,5.957219982722598,6.921623641639017,7.156271063413972,6.825700407911162,4.262070655271775,3.7062780705084344,1.8805785161401658,3.8909681451305946,5.680280369949966,1.3395290319508555,2.0334897406554107,3.102692544363768,2.9664611781830703,3.3971350159648424,4.134524851077428,3.8562169632203958,2.5343398102225154,3.927096611548316,6.059964475586442,4.530415146190196,3.561882284753358,3.2581169047322915,1.827956046770986,2.8422148321531124,2.933635833884548,2.519580534581343,3.8412955949306617,8.420225821164374,3.4280127435658145,3.7299672588187103,2.2599462983323026,3.5509599624147956,3.768106900185949,3.85218148900444,4.466154333983598,2.6667563658956435,2.951412728100241,3.4007056481364906,5.557123283669041,3.936461406587073,5.238494296297401,5.033918986625761,1.7300607070982208,7.833436212194079,2.7750833157278127,3.678061083409383,5.886473048095914,4.674400147345145,6.70874989960112,5.369157482528185,5.64045674096466,4.381454447314398,6.5695956117335115,7.506357569127725,5.708553441002198,6.830323247375722,5.385584326054196,3.5465690293465633,3.1700454624799503,5.4245071757180705,6.61827966350734,3.3771923166783626,6.009966622702396,7.289289427664285,3.2715067706975582,1.9264595347282278,1.459671181265317,1.8505732815499742,1.9183867886072727,3.126652288224811,4.308739441650777,2.02216526826284,3.389735546788873,2.6101467937278446,1.2039725332458915,5.989335308502477,3.928862098391313,6.660561114047986,4.156760334279004,3.5703949290729557,3.536802629762085,6.57772332532053,5.257754258226042,7.100586607549636,5.250325413593903,2.852619776983255,3.1520719017158854,4.678182374262567,6.417093255076031,7.291208368623041,7.720441340050823,6.574642641251745,4.4320044738385445,6.604899641360059
7,7.997584902625724,8.314739362336248,0.3564000129699707,5.152773420051287,3.775182285782628,5.08287454623451,5.522680419074057,6.96195261417424,5.410318525950759,3.5975409497397677,7.122870991930273,5.496477515994173,3.8858442756162748,6.9436057391025185,8.303045337889484,10.082177091765661,9.250347593814793,6.014769746008566,6.452148671804504,7.733842435839814,6.525431901352337,6.680329988745908,7.998049927581034,8.237470919557,4.576690992355636,8.271541191428799,7.865174087520727,5.114675046242642,5.885347628713761,7.1324643061917135,6.065328933129201,6.098981632377919,7.997680321800508,3.596781618837867,6.352005116299094,5.213656123269449,6.53373895558772,7.027697822482737,4.387270344762152,6.9018952446216355,7.629431432715148,7.81135324686049,6.533514057459521,4.560217744067725,3.8325358963395666,1.5556192773065276,7.201662070378034,5.277134102660074,2.9670175629566784,7.3074052589793315,7.910806408120562,7.895192420772012,7.201662070378034,3.8325358963395666,7.382231823623734,6.8549198145932415,6.991833095313665,8.000978762182898,8.011481393725226,7.382231823623734,8.43964391027573,6.8549198145932415,6.991833095313665,6.180627147528323,5.854152308157464,8.355751964428164,8.15298196277308,6.824700673437458,7.8302181548572225,5.773260904663704,8.000978762182898,6.406089274546811,7.686000100339292,6.1527769443699825,2.3423379236532074,6.297382094702678,7.877156289453656,6.97101470901608,6.301063195760852,7.07869937804331,8.721424925763143,6.5731511223570855,9.007854149806635,7.596141216490796,6.83226218636499,7.230449916668109,8.42351944881429,7.110007438178286,6.542615135283466,7.228082031767161,6.191208085502869,6.783492953602993,6.542615135283466,4.289502670160204,2.578242442921367,1.9478738689051827,2.8676720248984835,6.2397278116651425,2.4651773454443107,1.8359389238587467,2.9742961925546814,3.2392771877454205,3.2329574799253584,3.7938604220302645,3.4552871655369923,3.5183303461658078,3.285843067370181,5.662297514931141,4.47364770411269,2.3641752392133784,2.9806455962470726,2.0659127444430965,3.4728756399804843,4.260158634986356,2.9464194045201633,4.826981698327796,7.642511974449193,3.8866989227313216,3.7822186491588705,2.547694971693154,3.700318502975621,4.460884479458287,4.477252442847145,4.933093103672635,2.481234754329297,3.4902720600141706,3.744509067468307,6.469843052031342,4.346263082539416,5.618084759350081,5.07080667192875,3.8391546017670617,7.567222645581152,2.6894520990728408,3.824622966711739,4.896020147939554,4.958041482690285,7.053809211205651,5.92478523037432,5.461140320445034,4.226701085984987,5.915857617977032,8.392997951249752,5.2649755226088395,6.79816214014419,8.087157281144702,3.7261496370354905,3.14308630331078,5.008556727103503,6.158468690358346,2.6656895637538236,5.686405905067657,7.718019177180148,3.5624921598263293,1.9011790506086648,1.7591352455526394,2.986860670826235,2.0711388213638235,1.9643907478048397,2.7213266475503723,1.943139705158441,3.82221693671801,2.6654362424939047,5.183014100875799,2.983141326761501,1.284897158331161,3.7578834860485317,5.321118405004165,6.157226665198686,4.45419652016095,4.691474951693321,1.0139834226058664,3.35330692219671,2.298234544881372,3.4146563289592815,3.5600219838270966,3.005063656111628,1.5799395744088995,1.9852978527448777,4.235832773675717,3.9121161463337595,6.518101194739089,6.880545530220487
8,8.892010427801678,7.960870453356068,7.303219659806423,4.6875682144068636,3.015854993752619,5.326395623171225,5.3613107875084705,6.560761073567859,5.986513510314082,4.137937797970827,4.513135236552119,6.737149781400106,2.6347690407139344,7.6476442820161346,9.020624610009659,10.493738871795292,10.59572783374571,8.694563549727386,7.884231306210006,10.090866156527843,6.001799255423705,7.639168236429569,7.817461598002952,8.725475964014834,6.071894664694172,7.8577233036600544,6.538552797900999,5.771175505577793,6.957154704435198,5.508548045308696,3.4591135739903267,6.661704006581465,8.317636029050808,7.257422270179539,6.293135324175775,6.430916174703495,4.055692200823076,6.750806674182665,7.553435590192676,6.758064577791285,8.72163728845125,0.3564000129699707,5.30156221216774,4.149687956776935,4.876812685370982,3.335133070081831,6.976442494210141,6.6896874275027045,5.420910779053233,6.5712012796387125,9.021355063574765,9.117555265302512,6.976442494210141,4.876812685370982,7.815898845364504,7.992916756468942,7.60630515722976,8.999481380720127,9.764480984293959,7.815898845364504,8.41516242758003,7.992916756468942,7.60630515722976,7.351485754212827,6.1708460630531485,7.924122873954434,8.066336423435807,8.00403305018705,8.066504534037342,6.489516188496883,8.999481380720127,6.656752692164477,7.3031637901549065,2.4230452163605345,1.762481290303324,7.073597561075864,8.261309149544413,7.465884270759325,6.383236245154526,7.685719619301242,8.656238285086914,5.808775458685817,8.239437402648768,8.489436685520952,7.839898152934988,6.128078567260549,8.211856924999527,7.0950651166186764,6.398021401494709,7.333443020592178,8.634527719605005,7.697602733878913,6.398021401494709,4.003037735309753,3.459492108604466,1.5340187007357835,4.198722533635391,6.0180533727128855,2.9274653328444575,3.050884096550542,3.472411936464628,4.008635632260327,0.3564000129699707,4.40546282075083,3.8445305217324237,3.729647726282397,4.340973101465727,5.5442038475885465,4.832433511869724,2.81736739223821,3.458126397896043,2.5893616472182943,3.8170898101202035,3.9333418664423103,3.606146300387289,5.314183770140629,7.440453293446142,4.160627476673227,4.233770480793709,3.4654387661220194,3.917606569259453,4.633045428037857,4.770321955212343,4.813157584446543,3.540518545690446,3.7252200797168733,4.25335126531478,6.3815045026740504,4.1480285571057145,6.599710110291571,4.618915121748049,3.387366518241429,7.00654669813876,3.4816863879579034,4.84285314618802,5.046769479143988,6.482252353259627,6.725589146157574,5.911981236789987,4.395395705126311,4.570961625257156,7.129525924903385,8.070582186141209,6.78,0.3564000129699707,5.369157482528185,3.8632376762365586,2.599480363665514,4.70385353974674,4.735677140984061,5.854091707877876,5.152168905425591,2.183469217598906,0.3564000129699707,2.5722731255682834,2.785409483129333,3.2827387595463273,1.825102643065366,2.783982535267263,3.607934775158928,2.947422274740356,5.68842080856432,3.3306691841991856,6.605548831905862,2.0754658077835573,5.340565258388231,4.0803134402393475,3.8640390435244183,4.4719555646489155,2.45992223728949,3.0667456274867386,2.6473134487116843,1.2414609129381602,1.7110949076490345,6.952060163267348,3.0747948684395805,6.3999903114786445,2.833130050432513,2.6458949422373848,5.538236882289383,2.638711370673949,2.7130585360563755,2.4456
9,8.759647159595893,8.042239501758566,7.927567416760994,5.542702481511239,2.7762880692846665,3.175538709588798,6.506877636900316,5.499250476619607,6.860708675757875,2.8418304703446737,4.0212424752546285,5.062091898210725,2.466807158205034,7.976971408641301,9.028665953421083,9.928238894129539,9.224554437028363,8.99701578029642,8.324978746316429,9.391387674160471,7.777615662025264,8.570666354233088,7.658241288389924,10.008696266725472,7.788102130090842,4.253803125205662,6.692867263530332,3.6291169198198983,7.351474142080895,7.329714434812444,4.001237627041628,8.052351837750987,9.025812854235095,6.577442423260891,6.719473097057833,6.9883708065182155,3.123303150105045,5.971572399709794,7.0131514824093335,10.204646320710419,9.40440180863775,0.3564000129699707,5.775907114003544,4.865008449501529,5.074242630595348,5.463083384288613,6.30743766822059,7.573630171809029,5.9512056671509415,7.185931953258816,9.233336627333845,7.746346128500392,6.30743766822059,5.074242630595348,8.342434228479654,8.277688918238534,7.182849077412513,8.51869317091865,8.029132801035143,8.342434228479654,6.911719353023564,8.277688918238534,7.182849077412513,6.22351412313973,7.143861672541185,7.013854169118927,8.769097656285318,7.790013986960269,4.453592472908869,9.145232291888682,8.51869317091865,7.8645934003345985,8.495873451852841,5.849315639094812,3.2802357770644974,7.874675483874033,9.754424230305876,8.428725373530801,5.856597708083635,5.251338204925165,8.905722835279738,7.4619082447308624,8.326631365905527,7.892202027564007,6.540234837788592,7.036000892819981,8.484054287910467,7.440275771018108,7.649195639238988,7.415189678489655,7.65154593057686,7.11075426740896,7.415189678489655,4.45269481786423,3.9705901465935445,2.720081296504918,4.744142775930481,5.009674893128859,3.8658801117542514,3.2738587752414356,4.337647130865154,4.889913249822764,3.83533916586083,4.078151012944984,4.1838180254537285,5.108242137944401,4.428958561966059,5.876166929973449,5.351080524026066,3.7056723362869377,3.9251988027834743,3.597859937430455,4.0725852044995605,3.798031204574411,3.127270238848568,5.995981562837406,6.701143051609014,4.40489773110393,4.999428979286372,3.985832051015412,5.0786456050025075,4.8293885330091895,5.9762252242030165,5.6845236147617255,4.273860386238651,4.479976929643195,4.981955773771759,7.726208681519038,4.7733033670677365,5.838883419835746,5.140219968656833,3.8335045673341255,5.989647162978093,3.1315660346543477,5.744134855936589,7.625602748438483,7.6811680200487755,5.698540696728534,6.608016144632124,5.5543132117299825,5.396105737062755,7.220713353213013,8.281106589125393,7.45,0.3564000129699707,5.92478523037432,3.6673103804848206,4.760057650664964,2.709804479052835,4.315532889468064,6.5538544902705524,5.73900978417857,4.160013423995153,0.3564000129699707,3.351168286671109,3.6904457363241403,3.442108763701994,3.3362287099838173,2.7768546514973864,3.5138351064403435,2.464636285352612,5.191714768778214,1.6874175018648048,4.517819663444139,5.246638687051251,2.490484047846629,3.191186818076249,3.554921290814888,4.970732115922821,4.671493297523947,7.626064978544468,6.362264770577138,5.6204066670400366,7.420875231444277,5.460768613426767,0.5052460475703692,7.951304036794219,3.742043542871192,1.2932361025260057,5.064695963584098,5.3191018658237486,3.85095954075009,4.449967231734652
10,8.246174307518082,8.120286529049643,9.099824294122726,4.9480903178492595,5.460553207529103,5.010619523702226,8.45606903184257,7.089638763925608,7.128370684086247,4.117849133896199,3.967031633935655,3.9769479252553817,4.064115223046455,8.963358500935541,9.750381080166472,10.370456295762436,9.645789518531833,9.240072072537156,9.35674870573345,8.302590849935788,9.582026460276012,8.04431219788689,7.630754830314302,9.931557499393156,8.280555777402416,6.355792275553331,7.897577779710036,7.655386372469115,8.018835322891803,9.01006263712884,5.273642093845635,7.970104146483581,10.110843532842116,6.9208307677336105,7.943665430378565,8.201455562463789,7.845896931032239,6.895435112164216,7.348003578222833,10.108969903945471,9.728845829444042,0.3564000129699707,6.465561110073647,6.35393508087792,5.305257741462832,6.355206642224388,6.99300029144723,6.583654777114411,3.886677536028782,6.944134247756963,8.350475616562402,7.905691721583537,6.99300029144723,5.305257741462832,8.364877071505486,8.529731094819546,7.65185713130589,9.617487357084938,8.470918926904892,8.364877071505486,7.48357585631135,8.529731094819546,7.65185713130589,5.034687184448973,7.194603072218426,8.352011247966843,7.771082127021772,7.74636442956078,4.29437960529846,8.991612978450878,9.617487357084938,7.969405185604635,7.934997289004775,7.2824877882985115,4.075858004442266,8.239756553064094,8.787706265225024,8.432657745706361,7.7712332214674,7.611798503943603,8.419496291812923,6.114634467278596,8.469162478460728,8.640964368523711,8.35841503206508,3.573561453567207,8.073844217576152,8.281060734605663,8.213318338606076,10.305276922629162,8.155698331459842,8.036570975204732,8.073844217576152,4.692563750425268,4.918105422599954,4.139071491208264,5.145260331754298,4.937305501419735,4.739130693408851,4.37415976893632,4.8493931890199775,5.087034021430745,4.521893064078391,4.50100702244321,4.113365363535502,6.113349528075206,4.0877088137984545,5.837072874407235,5.3523501334163734,4.597463732398471,4.533578123773364,4.005989786025989,3.7998522111767246,4.483360012844934,3.507665241363087,5.512688029232938,6.863273109393193,4.195685560903982,5.715073059074433,4.4566744942650045,5.578824441005997,4.883155404662409,6.265194437607629,4.445383454139583,6.488909865398564,4.813629894149312,5.531105658565081,7.547215993927695,6.026573937508528,5.560666116387181,5.642558310167654,4.337975436187255,6.215427025115406,3.827167736810996,6.46858345203797,7.565681750203406,7.042154425393832,5.414548362722254,6.573005552668765,6.183110953633106,5.855266961144677,7.148406714766362,7.663216138260924,8.57,0.3564000129699707,5.911981236789987,4.2003665832707,4.821451237583831,3.7904986226055266,4.972709904759453,6.189095103362475,3.270044190182717,4.7231977129910385,0.3564000129699707,3.6109619268373954,4.0989670235124045,4.191521561226108,3.7286451304287005,3.857379334246326,3.9317855344024926,3.48223391573423,4.845655319148798,3.0859353213170024,3.1131836356772595,1.9487698850370547,5.367997561967652,5.235479234010704,2.9890664952472195,1.4699317623418204,3.081713914666539,4.10038723307153,4.197765250384253,4.852443578995148,7.518015205706803,5.231573511609447,7.280944391931035,4.1123542281711805,3.3990260842481423,7.548344762857861,4.482044016271561,8.629874608755904,2.719627533616468,5.887969718964209
11,9.009851674947388,9.170083937851071,9.664470445228611,6.17178630536894,6.522148827908521,5.566307209611343,9.442414434011564,7.925339778717558,8.084616054266919,4.222513241335616,7.570061695331038,3.885862259902588,8.418545784544591,8.99100497051889,10.457108381864677,11.246146296515736,11.567307736772046,10.268262532221081,9.635226543564343,10.286122669956777,10.276399833579774,8.12925157994787,7.991398746999894,9.795239979113614,9.26083066565175,9.337557754957277,9.43221452922748,8.776742516865381,9.150361310075983,9.578921670122499,6.284552179671827,7.366909634553986,9.674813496281189,7.6440556485045885,8.617212000460464,9.45687983113861,8.229973337645596,7.748620435918352,8.648996090092187,10.348714647785872,9.660863772647991,0.3564000129699707,4.7556693148725495,5.019440446468127,4.532592370219577,8.12683566129054,8.21027250102972,7.286172925773826,3.305876841846135,3.2175311236453883,7.8825432344851185,4.563782953803581,8.21027250102972,4.532592370219577,9.192812058650238,9.110684609934484,7.6284236779261265,9.150085793592574,8.047968706168868,9.192812058650238,8.077712964492747,9.110684609934484,7.6284236779261265,2.7795890960768816,8.33313348156836,8.641136092372049,7.231964388650502,8.244697518219802,3.688450312547033,8.511389254931466,9.150085793592574,7.351371907207653,8.022650568643034,5.959918039784802,4.201704582359119,8.339771857474076,8.188010863342669,9.376738703510325,7.537618231770975,7.7904257619997175,8.439767488689355,7.9917566232353305,9.332447353849899,8.17306584067656,8.183179490851316,6.870391559060461,8.359096179042634,8.774753925991227,7.910173183522903,9.030077751966413,9.119639996431284,8.160112827750769,9.150085793592574,4.9522579621646186,4.551470466521893,5.3950095849496025,5.761804494583399,5.271883926158824,5.281437178383986,4.950605616036525,5.819127392391522,6.006601989063052,4.951588542015666,5.266688417710584,4.776967924641014,6.0187223515815065,4.676809023627196,5.5663760922032735,6.745818885622223,4.934781168757195,5.535948781729862,4.266524512440144,5.204780117127861,4.74344842857401,3.690074972409125,5.131943577669608,6.338369820596913,5.918690748775288,5.995609327786729,4.834833805822816,5.699021625624431,4.554387840210333,5.504479602358823,5.377260100520587,7.643307762555416,4.978632304162182,5.811550010274744,6.240042979993319,6.566295200379461,5.141455449450511,6.004527697745567,4.910151334073535,5.7938425959791475,4.6331568585653855,8.456395806869695,8.464884140091177,7.591108097393291,6.041698612580923,7.2180310738845535,7.857969391695468,6.296893545461172,7.330219561344182,8.96016788749253,6.2343,0.3564000129699707,6.608016144632124,4.35620696021831,5.378788934940236,4.452420285832036,3.4091883955549434,3.2396460305939283,5.8077672238259925,5.974650649450586,0.3564000129699707,4.174083791548281,4.822439644856277,4.326947874224633,3.9027301062236286,3.756124429017689,5.268994199196227,4.1567615953622905,4.892237122896466,2.787746704601028,5.720888585462679,4.847214696018459,10.447063075592004,6.10227645448891,1.020093671614444,8.4209132285137,6.2220417355866084,3.0541912015980395,1.6799231953387896,4.314766621070049,4.084582198740268,5.243529346076914,8.081006380888308,3.5273747610072794,4.883596140130443,5.554872246994153,1.733481014572277,4.624715285718107,6.486240266879948,3.311633042707807
12,9.28865212612741,10.006096543642542,9.639495655190784,4.925577565696336,5.191771089972382,7.5300506381091425,10.760809375101287,8.962888879964089,8.746887115057476,6.487170129164138,9.87585850263811,3.9683728581132223,8.558510994743516,9.829738732073775,0.3564000129699707,11.250698963352708,11.825896601045816,10.755877163414004,10.717747906320723,9.938393050941047,10.22828839585596,9.235476254701599,7.869622529799127,10.018633136438085,9.762843112885106,0.3564000129699707,10.462591406180406,10.042290215416715,10.533947486047065,9.851969263119498,6.937059125660779,3.5519448237190745,8.630219542294142,7.221027275271358,8.840496732008237,9.985711605704452,10.18917165027089,6.39555868508848,7.252565668345502,10.119237502701827,11.176951616462398,7.758307835346437,7.639679272254265,7.256669717585234,4.6242305509935875,6.721458864281159,7.753780986125324,6.363895265102559,5.803950810135593,8.849772449088679,7.811573079621717,3.699617140710684,7.753780986125324,4.6242305509935875,9.297350535045858,7.157286228814916,8.427692911872608,8.00455298134186,9.38177722753731,9.297350535045858,8.998199230154894,7.157286228814916,8.427692911872608,2.4922467757991793,9.487758725627236,9.13534653614162,6.387278157475438,9.119689818248307,3.7783353734948646,7.894533899522828,8.00455298134186,7.6475332550397725,8.492441487648556,5.510721794549991,4.0051545353244915,8.145109959934008,9.004567698847831,9.544488874989284,6.725336215862363,7.8363476451988765,8.859240318097331,8.80016810778867,9.732855766749147,8.682028649514253,7.559068513392216,0.3564000129699707,8.080801524766187,7.402849428578135,3.4157296180269663,9.155571167077138,7.051945585669285,7.816796936256457,7.559068513392216,5.4980166966567525,4.600412102257226,5.759273773014729,6.022748762648018,5.026351017181432,5.548822921078625,5.143721923483211,4.932205760160107,6.673353676318308,5.303782129012716,5.390066306845066,4.956196900120637,6.251649883267251,5.329643482927573,5.7437162203496825,6.5262073072573505,5.2981057888994325,5.85853163905426,5.01651698842339,5.390935441960027,4.73949434341408,4.087843750200333,5.140812261032734,6.5640145262958445,6.05966773418316,6.196624581526663,5.103619135188016,5.5738937973428895,4.341059794035228,5.756315290833866,5.790428877599761,8.014125312150089,5.819205934857395,5.58653791252799,5.549146101874415,6.8996280126854295,4.843067322290792,6.4983286068068375,5.026308383223341,6.061734897102854,4.897716539398393,9.115173578166976,8.427912162095499,7.7731129458881805,6.012506647378012,6.777908455637675,7.7259536492018235,7.324485943225066,6.382421673658241,8.20819922870156,5.987,0.3564000129699707,6.573005552668765,4.272732377126517,5.6796876936420775,5.157560746109732,5.285559196542455,6.653385453163984,4.62035013116806,3.0128484361832273,0.3564000129699707,4.554313162720262,4.847524962939966,4.573876670905104,3.921164242217015,3.64607940039814,4.9442122358313965,4.682128226091212,5.125256592109514,3.3028343086203593,6.834644216913384,6.532804734910486,7.073840108866476,6.039875427144107,6.590905839784288,5.646220558739373,4.554809250436469,4.867928245406536,7.073595130834532,5.357970183174443,4.406205677443926,2.9280044507225087,4.019013032529136,6.138591506313968,11.25869917251778,3.599335908345643,3.097525264169083,7.8244078224152815,8.931064658494485,6.338829952646335
13,10.821995399689362,10.223688418153445,5.995836706754749,5.317540719103349,7.820552952951213,10.408454507387326,9.906020092025237,8.837535421045375,6.2327191852629085,5.233198978810408,3.6194716346881015,7.314961594559737,9.315484532501817,0.3564000129699707,11.948353480479803,11.947777706234804,9.762959050086105,11.108249374471194,10.967005977986028,10.276728582898695,8.783852697204852,8.068198633675692,9.985639402644036,8.904757966177826,0.3564000129699707,10.213174278913508,10.480102894725633,10.496664361350536,8.644526099630426,6.805014939354153,7.071356520727009,8.758327000668382,5.413685274536253,10.338782769189246,9.317753797587336,9.475522035939122,4.165990244553004,7.70372301377646,10.51400724277841,10.130430991803648,8.917617151194184,8.019783285403316,8.814337985333765,5.0319279889326225,3.9990351826589348,7.55824581654265,4.907093391169579,4.934284372602574,9.085986084926715,4.577659716472859,5.8536334346266115,5.8536334346266115,4.907093391169579,3.9990351826589348,9.022966649224253,4.382582981918358,8.718186510673563,8.860602209406784,8.510184125290268,9.022966649224253,9.150517262529075,4.382582981918358,8.718186510673563,3.214101565656419,9.598657175314848,8.496948919931436,8.154527246203799,8.01186688318299,4.1526692222431585,7.2282631420284424,8.860602209406784,6.140597855649369,7.833248275670162,4.686419305751189,3.785364408357816,2.5652003939920824,8.206992363518715,9.288796886298746,6.967786041332122,8.478624758723427,9.762729997825762,8.36180196967845,9.362494462381845,8.761911952115108,7.039806529103435,8.649154660647621,8.02994757747626,7.865709771128988,2.6721191699350437,9.177254671691685,8.130622877591257,7.851434096098152,8.761911952115108,5.347989034460143,4.590719536745038,4.138478925371359,6.331498599593222,5.675723029525708,6.545134375715879,5.818063755877682,5.132328940055539,5.923876057973418,6.059317741230689,5.866560524294923,5.610153486707025,6.176642403044071,5.617212280223639,5.332091864061557,7.51561691386275,5.192582843250842,5.2783371550842775,5.336409193864549,5.234691540711265,4.860332762340776,4.132671314018339,5.0870065594269125,0.3564000129699707,5.617834931297861,5.729170448930268,5.34580610095145,5.429544681057549,4.523001035079309,6.839276495081528,5.843162504337295,8.877483518550825,6.114644177860537,5.610403188592911,5.109387350650931,7.212381807013776,4.637534566806193,6.703853963149141,5.017762939211673,5.153753141164104,5.356975804983084,8.747238137865283,6.91786179744815,6.039564110946776,5.912719014340877,6.920653371229646,7.618966462426755,7.550074341614152,6.444259681785538,6.738619973527258,4.134,5.778,7.2180310738845535,4.185613228392159,5.419263244450274,6.4302361175518445,6.25610043279617,4.970571447979615,6.200515528629485,5.545976592740053,0.3564000129699707,5.067195489656329,4.69481951631686,5.464812566015091,4.263330684170308,3.306667480072052,4.812719057137587,5.561253727735746,5.170292149879971,4.278358723377756,7.858886034745092,6.680440907964185,3.8347105655736202,5.251731994582702,7.3534466893404495,5.997576633738709,5.4167687036226715,4.1906617273792826,5.087342722224624,4.1187966002003815,5.452798676885493,5.248120435460769,0.4972913290693469,2.823244128140047,5.932435050615319,4.3139858372880076,5.165816562135223,5.290880015528299,6.000397303080167,3.377833357580988
14,6.26628829729662,9.637242106264997,9.601015534959506,6.26628829729662,6.4655176943672386,8.402816244228877,9.342722376498868,9.487998023620019,8.29913621502996,5.855714101871416,4.8193116241004,6.2943698810576265,7.575729710277377,8.990612491204832,8.795102342699852,11.613403533016704,11.180407322876551,10.541583080042006,10.348694510975161,9.809662601024568,10.384801265917686,8.614917625860098,7.465258685865115,9.40239183226839,9.34754270853062,7.000176702169161,9.935642087023322,10.753460335634683,10.3497943539063,8.422459730097106,7.755801139710969,8.77149433125678,9.56184019054593,6.137392751188099,7.9175680717744,9.615345996590161,9.743075135557447,7.272881051206992,9.416157523893656,9.915761709981311,11.092373019706487,8.892039518196333,8.493706172024392,8.452225114943179,5.7111006487074425,5.395926451987626,7.605579274930471,5.1961517582926735,4.264892604050598,8.380253663618582,5.464338860936842,5.8536334346266115,7.605579274930471,5.7111006487074425,8.215559489124095,2.8261586743672873,8.540439612008518,8.537766933696506,9.02012597651655,8.215559489124095,7.957454588941685,2.8261586743672873,8.540439612008518,4.086604387226352,9.429870043050055,8.011750396041665,8.176876746668164,9.389471830854061,3.0213486667482936,2.9149094323743534,8.537766933696506,7.8988681854168945,7.476913151431775,3.1404057420176446,6.180575084598796,4.794656712499875,8.825057394480329,7.595465569520216,5.8609324002453596,7.9389143247269205,8.577618736408654,7.688213031251803,9.679177746377421,8.64610344651412,7.418382347417659,8.03558434633429,5.902538253335856,7.008161736157903,4.638705442258866,10.229083248278863,7.874039362883718,7.006178632311897,4.638705442258866,4.62224572881042,5.022710971493013,4.896672318313607,6.632002838587678,5.40567123687017,5.696972257248286,5.515032776798019,5.211812761313785,6.091463417233152,5.2801376603288475,5.156342495668434,5.57872321123776,6.08061044321535,5.949684858781419,5.41798596034384,6.6283913919092745,5.460482192484681,4.885308156045271,4.654578920279297,5.02087896812929,4.923676737994511,4.4468649121958315,5.680595965975973,6.390331858413755,6.196824414811334,6.119717544319986,5.555116956162831,5.6066720637911915,4.768102098432201,4.375347736334276,6.040401111074264,8.625758247348806,5.07613172603557,5.4908798104059295,5.294378240822687,6.431388600310259,5.028814609507993,7.548430722091338,5.2664021131002405,5.070723995251728,5.921519375616566,9.777565517170155,7.641067985379059,5.53055495308744,5.655331602774659,7.261782527624442,7.560622836731217,7.137463732539906,7.19720887030083,8.725787785313207,5.984,6.345,6.777908455637675,4.363474008169554,5.192077130860605,5.26005106691797,7.235308462144271,4.3726391300350675,6.5666232232298,5.678790209977156,0.3564000129699707,5.61225186251337,4.87829245104774,5.039366181514042,4.184500714799609,3.700285207438977,5.955470140806405,4.905160566418106,5.590037257099715,5.005776792317108,4.413254962638645,3.298114345570753,7.805654978106946,3.159781757559604,8.595749659495224,4.526711126954509,6.106403607334662,9.878763775310388,11.00574113120958,6.669827740849381,3.4244944965224655,3.546127740582675,5.673412857122738,2.3089659965397553,3.965368843762499,1.9049609226370001,8.088132363226922,3.2123718788800284,6.922210932079836,6.939031299270758
15,6.095484540481525,9.946147102445305,8.767709394099523,6.095484540481525,10.364827952581873,8.263977485682123,9.019674969342189,9.389593539108368,4.645496617695906,5.98043353935247,8.464455098498334,6.602383236222422,8.669660352744822,9.333084250853693,9.78958268226889,11.689199889060967,10.694661142629464,10.033590897979947,9.963590957988599,9.28265251014085,9.368253363569972,8.328806395002932,7.933940026305403,9.612091593690858,8.664759985379538,10.756772146328169,8.312320369506423,9.025049934269527,9.23477433344133,8.59054188685013,4.91220694190779,8.495487368085247,8.642779421531195,3.9709306541619203,6.957782761948061,10.646964349954073,9.014130776351605,8.730283649229998,8.553384766099866,9.928055339320096,9.258937636115869,9.546152940701978,8.733603183838436,7.333188114797828,2.5031080354437623,8.690191096103073,7.955196087836432,4.143014793674251,5.579819826061404,8.076780962625975,4.188049093556826,5.8536334346266115,7.955196087836432,2.5031080354437623,8.643138563353787,2.784007604034619,8.575979333195654,8.281139684546547,7.6831807865654485,8.643138563353787,7.928742315681173,2.784007604034619,8.575979333195654,1.7344801531539555,8.356133420788968,9.012894068605434,7.4924462540878025,7.1664479123571745,5.655473117634006,4.871066184914716,8.281139684546547,7.590503329943967,7.662128757424395,5.1973159050041,7.375847204432885,5.192129810224356,8.604421165602064,3.419188790996928,2.527546210066797,6.984016251610441,9.139449710970185,7.271679488330282,8.817655231743727,8.366490601867135,7.955108732440946,8.091392537031837,10.248983975527752,5.8740543278566815,2.2319514265788634,9.719902387095841,8.171309137786919,8.10476301473306,2.527546210066797,4.621083081305155,4.099365876339095,4.002860760768778,6.855355840609376,5.996693751863947,5.206444649776716,6.104074960979765,5.366705999453055,3.140655018620373,6.476065870680664,4.849697673957384,0.3564000129699707,5.44010493529938,5.7388794236115315,5.25865640849494,6.906176345369835,5.746261018217604,5.135163689585953,4.485676094091182,5.039502415195582,5.4720617970466074,4.121267454630226,5.2892953575582915,5.935201662542815,5.361807373364268,5.032673174378983,5.752538838211577,4.6595118065640575,5.66878942108154,5.514893880946492,6.464011988530287,6.764710821284626,5.700353081831198,6.045248342190686,5.458860457387573,6.993287671791567,4.778774623203713,6.479360508634382,4.504020328423094,4.505395844489121,5.650626086331247,9.010531402704625,8.093848861211784,6.133435236597856,6.153740780900067,7.698504384291359,6.961182649418708,6.080954205422361,7.25562543281361,8.03805682735062,5.998,6.788,6.920653371229646,4.350209608283555,8.405664294045044,7.0155799612570995,10.636072769642164,5.025318525339906,10.186951040416586,10.28469933715253,4.3766056871103185,6.368563296562683,4.906321576477547,5.155183217226824,4.109084820273465,3.7891998482680975,5.456526701988757,4.520262080204339,4.877673866272162,5.148119095144576,10.622733108440979,3.4162374282215464,3.854468739919109,9.151632758753182,6.05773790975458,5.739482269139688,2.971945317552224,8.808591335262642,3.454142654507758,3.771964644347797,5.480974532490189,4.080459250094872,7.320155750310289,5.806136243306505,2.7280936120457873,5.5570917406486995,5.377309932209251,4.11365048522453,3.3260541434514086,5.973634430507133
16,9.515033307570071,9.784684261124928,8.785530137756146,5.288990103851396,10.481401521165116,6.371281224218605,7.623914821895412,8.749161395957383,4.291426547666224,7.088860463438952,9.183516119642086,6.719305775146807,7.6319198094820475,10.042601253155757,10.533457612059077,11.077402306798211,11.705247081491352,10.320941597754597,9.889830981788023,9.891225805226764,9.661162503434776,7.905649946944944,7.237338721576207,10.609824138812552,9.58442653660728,10.862724926787587,7.481649079696174,9.913205678782292,8.741345239580584,7.355772175678999,5.683725383012847,8.63670636345838,8.414800817364458,7.970918110691202,3.695719546375262,9.883900621157538,8.5722584924592,8.34660770753514,9.026338390434894,9.631705987353406,8.734112993314302,8.47442619520524,8.008785540654053,5.93183492089948,3.4494216100319703,8.308831387778472,8.421006265271357,3.7347583782132894,4.574369461810421,3.762321302745127,6.769535397998503,5.8536334346266115,8.421006265271357,3.4494216100319703,8.327394551182614,2.135607212803886,8.092432880765644,7.499954160208308,7.774660495785377,8.327394551182614,8.0429347742342,2.135607212803886,8.092432880765644,4.31667852785329,8.096380614144957,7.4829339410265625,7.541220048456932,5.29148848816114,5.767469550053916,9.096971251983245,7.499954160208308,7.154743751441649,8.731308629647224,4.0873657050606065,4.638705442258866,8.830356265149307,9.182322564403673,1.7881701003490516,3.270079791444824,8.032669893788825,8.145474302043066,7.000249777506342,9.551920400374247,7.317507676728485,0.3564000129699707,8.643055633438605,9.039490880482045,8.098995304237302,7.3071408544900365,9.226693184250157,6.887799250744953,8.178065004429783,4.638705442258866,4.423857660459104,3.5704969554469614,3.7757746032107,6.276038279356145,6.6679458432129755,4.942697676317336,6.332223775904347,5.71302270072547,5.16131315760198,6.39689952684321,4.7196906573922925,5.650092734761002,5.0695018717903055,5.263389938391695,4.888735464168582,6.9093643618388665,5.393815719426514,6.953680856328661,4.352893555844834,4.731762052885706,5.2205445457547075,3.0802690017684933,6.2334730484175465,6.142617609305831,6.134045997551651,4.114750035111978,5.378612625941748,4.530070527682021,5.588692566064504,4.58386549035974,5.7045552567851905,6.050148152975302,7.198596074862632,6.517241055364281,5.575119501151293,6.086209258342919,4.531250345278193,6.974870385945748,5.03894891262846,4.799757620949001,6.141791429601448,7.221589498407105,7.035488919500942,5.28752424725822,7.138492873729615,7.892080237211047,6.719539670021116,6.656270305755945,7.703190838752541,7.795170228525406,7.234,7.898,7.4320235835016355,4.902237989123036,8.029248912997648,7.046511934042587,10.473430316575953,6.355267180332033,9.234102546315397,8.689163448082851,5.174079998823359,6.691286939215272,4.955028504199576,5.158480315960059,4.026236207215206,3.5634212486996106,5.139205136377916,4.361037939420829,4.630044544612412,5.3766429117241605,3.908914927736006,7.063154309503991,6.362913387673962,4.435379511167749,6.882074694552768,8.254214863927192,4.536029924131668,4.700658184712371,7.253009227595708,6.510223399560703,6.55656044776246,3.3847255679533212,4.7965639802714035,2.8347619654360714,4.818430462709464,4.333211806559176,3.8962016127450325,3.2551802814905875,4.188805223373768,4.8080993146138225
17,9.525053145530707,8.914302740508388,8.562897844610422,5.75017358378811,6.067181147856474,5.9728897512855035,5.166532119405582,9.746276892988906,3.4026727810754296,7.174481978566978,8.71259460179446,4.228575815969631,3.5438607392289176,9.228784621813709,11.050087249005607,11.539177342637508,11.158315020027016,9.424760627126666,9.553412610337423,9.960043607127313,9.263413204155778,8.40130465294381,7.770977737360371,10.850648480113385,9.370186202205772,10.411594361820816,8.752120698875,8.923972806458519,8.57142425682319,7.1767060842549295,6.121948834546725,8.270986829542188,8.135002168646068,7.75782359779407,8.577451334209957,8.394872193169903,3.9466872853366692,7.25042786284372,8.805443092876962,9.121739327540116,8.66722416960127,7.400413819823407,7.988032230826065,5.877847386141548,5.711056679438693,6.438350481482601,6.539647293552828,4.400223286591017,6.6077552933248045,6.107174412908974,8.278207475749852,5.8536334346266115,6.539647293552828,5.711056679438693,8.471365290108972,7.428184906428877,8.124550636279432,7.536505600765254,7.844185426778478,8.471365290108972,7.950881594361274,7.428184906428877,8.124550636279432,7.411239866987864,6.739207377410521,7.731316070933458,7.904287452572503,7.654337534541693,6.168344991478139,9.77338785259187,7.536505600765254,7.441609652857608,6.396975609367434,4.479235396681993,7.82586082157362,9.140429581792342,8.177546425790117,4.61214626600959,7.493550540911073,7.057402001565846,9.128429413532205,7.532015821204756,9.936381964126873,6.701254965975362,7.019373720097124,7.649717806676956,8.038947223907295,5.608653812103708,8.237145521191707,8.744827412250421,7.837225518086962,7.224427193528999,6.701254965975362,4.074486731851043,3.8370175659402745,4.074880984737762,6.548105240005507,6.183131934671644,4.5542660987543675,5.036288955082198,5.609086012986039,5.0468063610642755,6.385406558709784,5.039115437397654,5.088802705594502,4.969060772910455,5.11283525557896,4.7924129785903755,6.558214992002775,4.665782077404571,7.073864313224815,4.4458486882653885,4.798512773361544,5.54945795154511,3.0988902958576254,6.848319588911473,0.3564000129699707,6.124299580143778,4.246915047414065,5.024465614370185,4.215881174790331,4.201806259142531,0.3564000129699707,5.954338589378289,6.064199765580744,4.7792315756265635,6.437949613314753,6.592113651704575,5.033782018885547,5.098959427989338,6.318234569754882,4.518708555214502,4.6424353422501365,5.8911158318015175,6.722792912673102,7.193761834322409,5.763503811109058,6.699295689758045,8.83908781566939,0.3564000129699707,7.445744845260491,6.865650240354588,7.987758061726652,7.702700985289209,9.042105857617894,5.566397366623818,5.431023558740653,8.640868273242273,7.498041693813225,8.458447419336137,6.054994495192562,9.304687538002852,9.389975476289655,5.661713118515193,5.462000116836714,4.795791336893138,5.15833635159603,3.990862778687443,3.5146525990796085,5.492364751316998,4.379049555232329,3.7435317187654706,5.466502895151468,3.1519774177704813,4.251210260966807,4.2156344296921855,6.123052788959481,4.8397899625471315,7.776159963218408,6.217346141166293,3.3829093290371386,2.2174945672007156,5.05229331084799,8.079127840829182,5.708771199080452,1.5804763592177846,3.977858035739756,6.368174646316559,4.638159179458045,5.104202677533224,3.3985245527500583,7.643646064306879,3.494280017063108
18,8.166216072778749,9.318916137524443,8.281183719313116,5.018925088390113,7.680172329839879,8.426197427017767,3.361394991236704,8.98688236064212,4.5600874800458175,5.193369708560126,7.321019104292147,6.671883022989829,9.12972471618302,8.114889554096575,10.597869555836796,9.340195605626686,9.49685461825639,9.76798532873483,8.661638673171284,10.26582011199356,9.268340722032894,8.711593702545922,8.76341279179509,9.910257468291537,8.730303978610367,8.137496366872444,8.683807261674836,9.405035848185415,8.132713026930151,6.525246213486752,6.630987833158395,8.553833566306272,8.375058942049835,4.931924134871905,9.20938239344026,7.959361040100306,7.519519941198141,6.8748147128368355,7.996481355897789,7.7623872628339745,8.581373753431405,7.694393422766505,7.809305272391191,6.402449883534893,7.8201703209495825,7.1407510600226995,4.4216978839054475,4.277256761878473,5.045751827240051,8.236013817639595,6.7783154003141455,5.8536334346266115,4.4216978839054475,7.8201703209495825,8.437678475451115,6.860929928946754,8.780916155892536,7.785893525959147,7.908644126953922,8.437678475451115,7.344772919042553,6.860929928946754,8.780916155892536,5.771330302009218,6.4737202188905485,7.88407072695378,8.123590607980496,7.717468101654835,6.4129263068890365,9.95267261200234,7.785893525959147,6.479759888763898,4.487072205452767,3.2321273603905016,8.191632497499683,9.301653866422605,7.548634665742322,6.216542685018611,7.726350139030061,6.949448533054176,8.61084241981353,7.614096255455296,8.395704877986239,7.893236287243341,6.647669603305265,7.188089686098986,8.094599055582274,5.961409870343502,6.871209607374882,6.682869963317195,7.340943336811728,7.566280709172109,7.694393422766505,4.7249940311127405,2.633834545100182,3.7282627664550803,5.059472014170406,5.633595159612069,3.6496533131962683,4.999523033268998,5.548023067881085,5.038506989996348,5.654411136072323,4.374913066455291,5.419868166740106,4.427993564283147,4.59731643501616,4.401030701015333,5.550288377440799,4.531086315463306,6.709770152704705,3.505785447218807,4.365606533700866,4.176298153754458,3.089305023341649,5.848714252480636,5.839326182771854,6.257038223674205,3.2075374129816088,3.872166738339337,4.201273773833952,4.5477918927142085,5.188112706399907,5.806088695925047,5.5093190075406175,0.3564000129699707,6.751657640440238,5.862559916356264,5.004358153322993,4.835576809617839,7.0090421332781405,4.7011243591471725,5.3402632173512234,4.4929399561916075,6.292803266763535,5.9407713329457135,5.413134065600616,6.0072568614490915,7.746671118183341,0.3564000129699707,5.951838082533443,5.47105861141058,7.818205978459799,7.377210721718475,7.405131483247416,4.549213226174472,5.680813904733052,8.636858113787827,7.659989729195792,7.351253794995676,7.000358214774281,8.330530508645937,8.061806729435553,4.912346023990479,3.752710451061635,4.568195337864842,4.1617191191591765,3.4703304446111853,2.8329868328095698,5.20811188504123,3.800082051222066,3.5291449236636625,5.873714635570316,4.764207122831934,5.355484169072352,3.900756788797815,5.468828177418483,5.918216872744125,3.619754336788713,4.150247900897444,6.0720699781174785,6.067278037027873,4.104270888621908,2.7064903637201247,5.119172149903227,5.25757567385893,5.374200176251757,6.69374508400013,5.043903270311453,8.165098110589163,8.69821471736205,4.454370322049969,4.3361187942979385
19,8.02255675944725,8.94833937003705,6.845479443204765,5.692311489407282,8.019427228619215,8.117600696237346,6.461882707707282,8.254424275713632,5.032224420051245,6.603554253969761,6.976139708896233,7.137139792935123,6.855453078631821,7.550505021860157,10.741220459793919,9.467237062924774,8.55407066242489,7.2686900181286065,8.272751454349468,9.04423426252056,9.42591036703132,8.9624182451345,8.385241350763021,7.802217586482576,7.916343570469996,8.334631260054685,9.551165786258276,8.772743243633705,6.686416437654486,6.512369893995836,5.9838589685632915,8.02296952980886,9.224448763971658,7.195823570609183,8.287890450507945,7.385808774978014,7.041748575768685,6.803900279424785,7.142434801042946,8.437553017219502,8.568935058465959,7.623874804530486,6.886330069155795,6.183338257674785,7.379678542428189,7.035855114564822,2.5566091633731824,1.8746600148431172,7.4794232097924045,9.530661734021542,8.014380035335268,5.8536334346266115,2.5566091633731824,7.379678542428189,8.204797040053595,7.723814160430246,8.527083036146895,6.921241510378902,9.160777273195476,8.204797040053595,7.539545725843977,7.723814160430246,8.527083036146895,4.942948032276052,6.464001049486676,7.7773128305308425,8.139835494904556,7.968151169226056,5.915153718802943,8.936528872031456,6.921241510378902,6.209273275523393,6.402767250115216,2.3495348705113512,7.595290792325896,7.804474127180338,7.8044357741244035,7.3222185860280256,7.944441431197082,8.198553805933763,8.264755018908447,7.000264322876155,7.760657757542155,8.052506681872083,6.834348333092072,6.597903878061367,7.780277821143844,5.524593482797304,7.692712491210906,8.41294433229921,8.126395920007917,7.680712386939405,6.597903878061367,4.946981649311518,4.252748450123445,3.1319407064055103,5.3252499878980295,5.177240786002051,3.1557026320211974,4.502441651661735,4.699607792743295,4.799168743817243,4.694726602056906,3.925002078683951,4.656082611378749,4.481645045053699,4.590689021998885,4.599520231244727,5.730051822179504,5.238856945121467,6.122563010140999,2.5329898733240035,4.747401955429088,4.013630086508055,3.447931428992432,8.284864831237293,5.775825378442848,6.578514253342351,3.721392246308385,4.099209948032664,3.150966729714469,3.3045327861700864,3.6818447012531315,5.021441228994203,5.398304484827013,4.892944344350039,6.389539922002673,6.016062749594917,3.889004865697804,4.994878804989078,6.820419808722919,4.557913763621576,5.019919345192525,4.715603091270812,5.139808546886547,4.138115730530798,5.515497262377161,4.525564751860455,7.543317841423118,6.485155232005976,4.58800805473991,6.818450992157661,6.771413991751629,7.009804422110223,7.37576179073121,3.6355329206222358,6.043575881889377,6.894857446631568,5.790891035138413,3.5534814506000236,6.197579874664291,7.221844544553958,7.712789907466431,4.043691092352097,3.7294798492998686,4.024831191770346,3.800797857117417,3.2304572818560096,2.7731230781713343,5.0658777076662975,3.284469702470304,2.8900709913184017,6.777107346209817,4.489746116919965,3.6508066129481334,4.250876673872252,2.247394793268419,7.260808354709019,5.2357306098444845,7.038870416083982,5.313021275403887,4.797795111417113,5.186564648941355,4.6627694096285195,5.9760826128692335,7.517102236988276,3.1969852391540337,3.666104074730925,5.493070094115518,5.986149117771947,6.105170331126909,4.537807989595121,4.008623425791389
20,8.44981812693045,7.8295698932248134,6.62521863915181,6.96165917965694,6.754870711792289,7.172437480613992,6.19839339034758,7.576901309555592,5.248187007896918,9.04969102461996,6.404374831341907,7.079126848291828,4.536338721909213,7.167260522842306,10.282986002883288,9.000249580656174,8.916770825322242,7.679517228060503,7.858774510677304,9.091758086888772,10.007822970838037,9.577613568832913,7.759369419997285,8.773904787032652,8.06273426628185,9.125278091243114,6.687806014022603,7.427680131231133,5.888118286652711,5.866913690723047,5.416022967049046,7.005535844125117,7.286737157610395,8.425148002930026,7.1434673402722995,6.7450911802496085,6.708473190272384,6.758272262968253,7.241004017735639,8.222736883822677,9.284040455099793,8.02106882948069,4.345926409491866,6.447234489527639,7.457323184838925,6.434852598689696,5.873066754851563,4.488228169764397,6.126023665112617,8.659402139495915,7.724730231533775,5.8536334346266115,5.873066754851563,7.457323184838925,7.203750816795595,6.782954766662775,8.866858654167858,7.464752695184551,8.465220121034895,7.203750816795595,6.173748175444668,6.782954766662775,8.866858654167858,4.5234569839063345,6.836427291658365,8.32184345681026,7.309909041923167,7.488568803203434,6.329070320257288,9.087806512378496,7.464752695184551,5.571391463500893,5.902347005096628,1.6445478999610657,6.5122525900935155,8.401377118901046,8.952956593892477,6.644509728568737,6.0107182803608765,7.265395904527012,7.331847626188088,7.308883145441778,8.692979040338741,8.280419826538715,7.162489539956603,7.186193541341298,7.444686332065626,5.985962790952102,6.374629392246044,7.147024052796204,7.578802460822741,6.959405641899,5.985962790952102,5.222892547384944,2.6896796566545222,4.925489061523183,5.553652992668311,5.2679402874505,2.9969096773563613,5.253509573387923,4.4953159863668395,4.387546797064605,5.434250978041959,3.3953694723769052,4.6816450183941765,3.8937103169452114,4.265225944556331,4.126492015743963,5.159107632773922,5.3051642174995415,5.138410285264315,2.886847329842073,5.401596781693781,3.0014793443520547,3.9662861182836417,8.13764688783475,5.189251170716808,5.568861460295544,3.7345378515372305,4.638407509548635,3.830556726287368,3.502345881945732,4.3530843938925585,4.320977605794716,4.979813437449838,4.5840589164617285,5.907945675947865,5.895433916791502,3.4082791812746236,4.603918452984254,6.407049963558911,4.179897175463771,4.3365712390125495,5.329449395644033,5.6086014597160165,4.364432893425667,4.688329992235122,4.256298467682209,6.0604141254536765,6.119027485411483,5.075304118055868,5.938183841960368,7.888838434344149,7.98044510432202,6.32021359432342,1.9406486743710354,4.223869265143391,5.914098459975051,5.482398290468228,4.679362833634737,5.959612574492745,6.734946211848367,6.60512992104901,4.544284251347859,3.7326672098850713,3.681159170448272,3.8595529148455703,3.0329008802372117,2.006837139716798,4.830030738657634,2.839510590525946,2.1718840115904117,6.254521469442951,1.98117191394916,3.456,5.030387164374096,5.671974911049755,2.452925351605534,5.040864201641644,7.830534561110706,6.700683128523963,6.145015427954733,5.159308047156955,4.13964910139061,7.583012372109147,5.342996105982401,4.939455612536071,5.62221670453863,4.869066912839074,4.460013921977081,6.324118453102194,5.032506798491191,6.020404181772704
21,7.687094576975603,7.488185241856987,7.224096494668584,5.2145375864650045,6.6420788480331465,6.277410027636691,7.067099372868339,7.946098374246809,4.235755250759709,7.984960000339533,4.40114242643402,5.9884156582348975,6.971184460081767,7.48906020537358,9.112271912186955,9.18573890148905,8.839277960707788,7.91929756227639,7.7720950042242345,8.149763598169885,9.422735715742213,9.138040132107172,8.101661489510679,8.825652592605726,7.404674909021729,8.878268164177783,6.676370023872678,7.145644033075024,6.757106139852168,5.140046773974672,4.486627878416336,7.592196441078157,7.584991379732722,7.906160518248151,7.688741488594575,7.338261930687102,6.981553916117866,6.8894753378755755,6.755337908438417,7.741694582875012,7.885897701170525,7.270896946481653,4.095726774483506,6.266676674092038,6.8636927452557535,6.357652945235883,4.869867162659713,5.402010352517388,6.7702220990112,8.349686444944645,6.984745253357215,5.8536334346266115,4.869867162659713,6.8636927452557535,7.523961076695253,7.0588454361681485,7.776434096512266,6.840106043547713,8.103363144942831,7.523961076695253,3.6574510771090987,7.0588454361681485,7.776434096512266,4.438069576445114,6.4378483566833395,7.62023961564221,8.064933396468936,7.535987141953421,5.937547366014051,9.15758960443844,6.840106043547713,4.472341912451756,7.972748875632763,1.673859687201408,6.173102061054578,8.746775620843124,7.759911430562144,5.952704486962254,6.792336009203434,8.377348078030915,9.12182939007875,7.586534991308616,8.237482953953757,7.9535607762760705,7.142882852099017,8.628995892461534,8.055884502911518,5.8142011585133915,6.588261983121557,5.920176158131679,8.55362814246461,7.394248869196455,6.792336009203434,4.623463065195203,2.8000450357787203,4.90204998740313,4.676240349709488,5.234903297921703,2.623827212396314,4.72774113337483,3.4262907608661224,4.144561997368623,5.190233418476457,3.5284819766323356,3.9176287313718245,3.42010987464659,4.45545954628738,4.323320188007478,5.021436138575069,4.552584974930938,3.5571422572904856,3.159650508167667,5.157980352891122,2.661610559436616,3.4468946906577718,8.11296895872619,5.397763840661645,4.816699825571353,3.322217594960145,5.026516118806473,2.730262854349941,2.956441544865443,4.335212773209589,4.657988104508254,3.7170497541697025,4.313438784697055,5.327127257206486,5.327722905969037,3.060464471217045,4.731064606908244,6.1844054576329395,4.637452402038504,4.880745519653362,4.579005284032067,7.127369588947879,4.57447759058312,5.377759056371693,4.972325521147213,5.62104155247162,5.951542450065824,5.6667878402062986,5.807990932886697,7.576888309292155,7.1386105549235985,7.17565973524516,3.0692737679666844,4.843994880567249,4.464717018448422,5.977546214681361,4.309601144421785,5.021911835451476,5.452455677541174,7.016879146691916,2.999521838387227,3.0471243277656526,3.433924511564902,4.037468591767476,2.6703825510956367,3.5676971548961776,3.558428636842533,2.960522215906306,2.3472730139249522,4.60204140642879,3.4456464845447345,3.787090765480862,1.2263289985774666,6.574510661562995,4.30081131814395,3.4082405126858872,3.7724966799939224,3.3908670463730584,4.583064889164338,4.485963505468514,3.3888294612015826,2.7303311459502275,5.219867044542775,4.068795789712443,4.3931932886880745,6.644548366848735,5.156149883203919,2.203491813506442,5.142892170447053,6.192004302926664
22,7.1210622113212505,7.1412521075787945,6.647813234318098,5.35673919028862,5.922916258464142,5.835184544114503,5.611812076559416,7.201852142070934,5.235341850886501,6.803510706463862,3.6390235183658453,6.696835965425629,3.8598055593046077,9.958544648472651,9.035913505957435,8.876321371787059,8.16207211091025,7.94913872026752,7.06257093932407,8.329480679799683,9.63510538374121,8.465241236389263,8.056388453802445,8.330979891390673,8.346716073548846,8.54212752104524,6.174107354694593,6.873255365180192,6.8340399967613585,4.778175443896682,4.713957380344842,8.372458041213246,7.95595013722223,6.538150039652834,6.71372003242083,6.549807816934806,6.086723260283773,6.783752039788996,6.658017366881652,7.885610587043201,7.797261596063628,6.780875625185482,4.539287517956636,6.901284120260507,6.341294186254475,7.122890938585993,5.152576361520416,7.378529347936345,6.933795663535841,7.978082285089865,5.94553336918963,5.8536334346266115,5.152576361520416,6.341294186254475,7.239563494315818,8.14036423415967,8.432544422683838,6.485038510641985,8.202380920978932,7.239563494315818,4.334527450066066,8.14036423415967,8.432544422683838,4.556823399162558,6.33193164772171,7.880253401570876,8.308087211059103,6.801654637324955,5.005381382201399,7.741350670354998,6.485038510641985,5.993731608142936,7.533195751082921,2.6720780458076536,6.518389504327799,7.356886543433718,7.779849785561482,7.5650222971947345,6.783494029035156,7.286117547205147,7.857055150607433,7.666798894172002,8.270256010758754,8.667088525098384,7.550451653803304,8.455457121809294,7.177963631479815,5.6512747035233275,7.06025170090117,6.7976421018385365,7.071039121548683,7.095775073587729,7.071039121548683,3.8437119382674987,2.9221133763327933,4.064870865508579,5.114379101981182,5.3579779981911155,2.5518092959431518,3.812355904440964,3.1988458134231217,3.358919405562711,5.271380252652741,3.4242674202223413,3.713617023308756,3.5595110132824304,4.962837642097841,3.7847010073691583,4.746983497837028,5.56791368431703,2.771765975749529,3.239712870275229,4.378292349877217,1.8299221736994298,3.51189265350743,7.847176354533326,5.482013036440457,4.950986961020815,3.2484077700793645,4.617502328360066,2.4926266218791446,2.4162569626993546,3.600782107854194,3.6527222721113275,4.194861003553765,3.596526876335345,6.339115141566434,5.870235456785305,3.304756958087287,5.09711265742987,6.745647412899213,3.9809671113374354,5.520883445883128,5.986979039934714,6.568454537463791,4.54517483534303,5.7823432519184275,4.916509860678364,5.951875856371225,5.00243203923198,5.706029033183159,6.755561020316954,6.931816832442476,6.302725589015056,6.382193232308566,3.031637757848863,6.800143784927873,4.35842630267446,4.921546795854684,3.2108782005804235,5.371197160806536,6.751042951125631,5.571158081743247,2.654853140464928,2.793492584276673,2.937987448332007,3.1110566010311516,3.4156216446984256,1.9703577262514436,2.750304401637848,2.661941524514034,1.8975958983904238,3.5744887284221694,6.216196321477337,4.977406352686399,7.296248213874416,6.131928885607605,5.401155257110799,6.254653265959496,5.526460625821474,3.879027902880941,2.7661655946818264,5.327052799784901,6.985126257218643,5.507703936003484,3.280441095751356,4.26300864290322,4.0100727321949705,5.885336627060987,8.345764674871896,3.883749472444974,3.188496345832451,5.251681593317355
23,6.4935730147045545,6.653718745010388,6.245749578898098,6.229654494874827,5.505662199538134,5.106556567512335,5.581871479879013,6.931761438480296,3.7299514442613018,7.30494820617374,3.7158362694800644,6.09111618152816,5.317114393708647,9.016079832492313,8.526776948474499,7.088268180419882,7.894106396072641,8.354985398014135,7.153817753643507,7.801278384381695,9.076173987982223,7.979353121734509,8.303347717539399,8.56942953571409,7.734488434024074,7.925915363411213,5.818618435292964,7.347255018883507,6.596123814781014,4.657466409449573,4.543589540282214,9.209695999479104,7.441024295404339,6.790453401351679,4.489714003498457,6.9166826961024785,6.288427850645043,6.7578235213175155,6.350180090416503,7.6921564882564635,6.929997928645344,5.956036093998458,3.8438880779374758,6.963284738982361,6.099995650301724,5.923301411679583,5.738208200612083,7.349432281245726,7.3126616526435555,7.413603043288843,4.527222986455021,5.8536334346266115,5.738208200612083,6.099995650301724,7.813267241739582,7.980281320199461,7.893094584341837,6.337840937065478,7.50952461270771,7.813267241739582,5.263852839345845,7.980281320199461,7.893094584341837,4.182383309910873,6.215304392345616,5.304785149847738,9.323313597436634,6.380296813788051,4.406733647133131,8.806988439390846,6.337840937065478,6.968663751532036,7.263779363076048,2.0921856622917403,6.662563553055152,7.058656135357576,7.674113421109983,7.379419876782829,5.85861617321361,7.2768587807827725,7.918740088186268,6.765979000286774,8.963929829175575,8.768233897727496,7.315061965310324,7.893383035288992,6.609190937608821,5.819358245087679,6.565186580436894,6.184214187058042,7.680237965912498,7.253012099160248,7.893383035288992,3.4223138565026594,1.7937060192658847,4.246471154112133,6.316710402282216,2.6163734437058235,2.034105565467009,3.240820211048147,3.6985914878087915,4.487867158989825,5.221667607818538,4.21582241327367,3.438388376319215,3.8823165635407086,4.042240775949833,3.727619916392474,3.120647339748761,5.244990953304438,2.2544404502855286,2.7730199933354327,3.384359685379181,2.673562778453717,2.927338482557527,8.67975201224854,5.906105270449688,4.296106863441114,3.02630525208075,5.011821142418099,3.2647930424024527,2.4408764502345783,4.308807128379044,2.815186941610509,3.4298676578904046,3.75512335440399,6.2100838435023595,6.132547140011163,4.2410690090559315,5.145845479131577,5.978308178740781,4.658132476833878,5.282764704459462,5.6763141646554525,6.222530119615599,3.9555106348425615,5.281021564148724,3.964857649181577,5.767962663619066,4.233369797649693,7.43864566252029,7.799019603778775,5.935036735377434,4.6346460052685305,5.657430886193836,3.15771847663419,4.959127385448998,3.942457485087001,4.287618906907614,3.2236692769054955,4.029699413583975,7.523189169038559,4.0888783983391725,2.471876883950835,2.3182822100733844,2.6329570087562653,3.085294569599714,2.8377449901933365,3.387650431728116,2.3578098652175816,2.407560739657897,6.532523078868928,3.399032077994023,4.999098050289742,5.711033688402395,6.182184534110268,3.270907827083987,8.25526250954672,4.700190561861867,3.440258724437144,5.35616929005531,8.259349723745284,2.032305863249924,4.819140100946726,4.3042461367973965,3.3283097468078204,5.118317883729957,4.670677762567226,2.2879610075002437,1.950357306954121,3.362688206531312,3.5149514657628003,4.4975539274756695
